{
  "claims_stats": {
    "mean_phi": 0.3305711434237687,
    "interpretation": "weak",
    "column_phis": [
      0.4141629904925902,
      0.34852590870226474,
      0.589780094871125,
      0.3213203540683674,
      0.5091724775563096,
      0.6792686853950898,
      0.4434809231519408,
      0.0,
      0.0,
      0.0
    ],
    "bootstrap_ci": [
      0.3367465046799222,
      0.57286122203824
    ],
    "p_value": 0.757,
    "significant": false
  },
  "claims_factors": {
    "mean_phi": 0.09063419006974124,
    "interpretation": "weak",
    "column_phis": [
      0.4117271186935561,
      0.49461478200385645,
      0.0,
      0.0,
      0.0,
      0.0,
      0.0,
      0.0,
      0.0,
      0.0
    ],
    "bootstrap_ci": [
      0.0706098400392713,
      0.1558496216511007
    ],
    "p_value": 0.67,
    "significant": false
  },
  "stats_factors": {
    "mean_phi": 0.18169492762556974,
    "interpretation": "weak",
    "column_phis": [
      0.753424196792043,
      0.5184402965869452,
      0.0,
      0.0,
      0.0,
      0.0,
      0.0
    ],
    "bootstrap_ci": [
      0.13936056263179442,
      0.25516950901682245
    ],
    "p_value": 0.067,
    "significant": false
  },
  "metadata": {
    "n_entities": 12,
    "symbols": [
      "AAVE",
      "ALGO",
      "ATOM",
      "AVAX",
      "BTC",
      "DOT",
      "ENS",
      "ETH",
      "FIL",
      "ICP",
      "SOL",
      "UNI"
    ]
  }
}