{
  "n_assets": 37,
  "common_assets": [
    "AAVE",
    "ADA",
    "ALGO",
    "API3",
    "APT",
    "ARB",
    "ATOM",
    "AVAX",
    "AXS",
    "BAND",
    "BTC",
    "COMP",
    "CRV",
    "DOT",
    "EGLD",
    "ETH",
    "FIL",
    "GRT",
    "HBAR",
    "ICP",
    "LDO",
    "LINK",
    "MANA",
    "MKR",
    "NEAR",
    "OCEAN",
    "RPL",
    "SAND",
    "SC",
    "SOL",
    "STORJ",
    "SUI",
    "SUSHI",
    "UNI",
    "XMR",
    "YFI",
    "ZEC"
  ],
  "matrix_shapes": {
    "claims": [
      37,
      10
    ],
    "stats": [
      37,
      7
    ],
    "factors": [
      37,
      2
    ]
  },
  "comparisons": [
    {
      "comparison": "claims_vs_factors",
      "rv": {
        "value": 0.051859787801562716,
        "ci_lower": 0.033923807499538036,
        "ci_upper": 0.5657083303559737,
        "se": 0.1263011083271863,
        "p_value": 0.435
      },
      "dcor": {
        "value": 0.39960522773315066,
        "ci_lower": 0.33866616874789107,
        "ci_upper": 0.7342516794322168,
        "se": 0.0933077257439314,
        "p_value": 0.268
      },
      "cca": {
        "canonical_correlations": [
          0.5465457695182979,
          0.21341310327656654
        ],
        "mean_correlation": 0.37997943639743226,
        "first_correlation": 0.5465457695182979,
        "ci_lower": 0.3932616429875276,
        "ci_upper": 0.8314337426154007,
        "se": 0.12000370443667419,
        "p_value": 0.781,
        "n_components": 2
      },
      "pls": {
        "latent_correlations": [
          0.48892716334116426,
          0.19879769731388602
        ],
        "mean_correlation": 0.34386243032752517,
        "first_correlation": 0.48892716334116426,
        "ci_lower": 0.3197312212402314,
        "ci_upper": 0.7310648885968506,
        "se": 0.11390964147096028,
        "p_value": 0.725,
        "n_components": 2
      }
    },
    {
      "comparison": "claims_vs_stats",
      "rv": {
        "value": 0.10610348004816023,
        "ci_lower": 0.09649084758774477,
        "ci_upper": 0.3189175764389708,
        "se": 0.05721646632072596,
        "p_value": 0.428
      },
      "dcor": {
        "value": 0.5532859870615026,
        "ci_lower": 0.6002102947976431,
        "ci_upper": 0.749191073795853,
        "se": 0.038664171658816734,
        "p_value": 0.362
      },
      "cca": {
        "canonical_correlations": [
          0.7908286159629344,
          0.7521630083994989,
          0.6483811553808184,
          0.5656877674830741,
          0.3544908537970064,
          0.23930576841687098,
          0.13899871856478618
        ],
        "mean_correlation": 0.4985508411435699,
        "first_correlation": 0.7908286159629344,
        "ci_lower": 0.5349686532087099,
        "ci_upper": 0.7130975026466664,
        "se": 0.046199799829736446,
        "p_value": 0.105,
        "n_components": 7
      },
      "pls": {
        "latent_correlations": [
          0.6476123021668736,
          0.43704810950352563,
          0.4291052819949665,
          0.40101260358083574,
          0.41266070897104923,
          0.2584169744886337,
          0.4207871954403194
        ],
        "mean_correlation": 0.42952045373517195,
        "first_correlation": 0.6476123021668736,
        "ci_lower": 0.41919775306387486,
        "ci_upper": 0.5860026818386147,
        "se": 0.04294085843800873,
        "p_value": 0.074,
        "n_components": 7
      }
    },
    {
      "comparison": "stats_vs_factors",
      "rv": {
        "value": 0.25307234367670767,
        "ci_lower": 0.11124044871474502,
        "ci_upper": 0.611813553986329,
        "se": 0.12814432178863414,
        "p_value": 0.001
      },
      "dcor": {
        "value": 0.5613135677616937,
        "ci_lower": 0.4880831722454216,
        "ci_upper": 0.7827350093323194,
        "se": 0.0760886888048637,
        "p_value": 0.0
      },
      "cca": {
        "canonical_correlations": [
          0.905076495415778,
          0.7559339295241078
        ],
        "mean_correlation": 0.8305052124699428,
        "first_correlation": 0.905076495415778,
        "ci_lower": 0.7430876618123328,
        "ci_upper": 0.9353083809120739,
        "se": 0.04878126864934242,
        "p_value": 0.001,
        "n_components": 2
      },
      "pls": {
        "latent_correlations": [
          0.6387839613792419,
          0.6008679983341375
        ],
        "mean_correlation": 0.6198259798566896,
        "first_correlation": 0.6387839613792419,
        "ci_lower": 0.525507703886568,
        "ci_upper": 0.7841164650769128,
        "se": 0.06533484268794072,
        "p_value": 0.0,
        "n_components": 2
      }
    }
  ]
}