{
  "n_assets": 37,
  "statistics_factors": {
    "correlations": [
      [
        0.21174009585345552,
        0.11080360937249292
      ],
      [
        -0.5085427825679151,
        0.10938178000056269
      ],
      [
        0.4759803736889712,
        0.06907411650023657
      ],
      [
        -0.5628414179929796,
        0.24253313121566153
      ],
      [
        -0.2978643727631959,
        0.4629613421435664
      ],
      [
        0.18676060845266756,
        0.41493784053759997
      ],
      [
        0.20484437574235445,
        0.07894758721375367
      ]
    ],
    "p_values": [
      [
        0.20836236001120642,
        0.5138375233162663
      ],
      [
        0.0013099452027172554,
        0.519286756591814
      ],
      [
        0.002903950559724206,
        0.6845763600393137
      ],
      [
        0.00028747091843954546,
        0.14808396309281002
      ],
      [
        0.07336678144138237,
        0.003909299391783137
      ],
      [
        0.2683793179629506,
        0.01066080449516137
      ],
      [
        0.22390850600079854,
        0.6423159160560867
      ]
    ],
    "stat_names": [
      "mean_return",
      "volatility",
      "sharpe",
      "max_drawdown",
      "avg_volume",
      "vol_volatility",
      "trend"
    ],
    "factor_names": [
      "Factor 1",
      "Factor 2"
    ],
    "n_significant": 5,
    "n_total": 14
  },
  "claims_factors": {
    "correlations": [
      [
        0.13146836638907602,
        0.09332184273560051
      ],
      [
        0.2291295025256758,
        0.10836452858771055
      ],
      [
        -0.256377437326211,
        -0.059627219310178725
      ],
      [
        -0.031230988592920873,
        -0.05385998792983187
      ],
      [
        0.049328195664415646,
        -0.09054627204641179
      ],
      [
        -0.1409910366272228,
        -0.017003816613614872
      ],
      [
        0.042516257958891954,
        -0.060651461357383564
      ],
      [
        -0.23058911983823915,
        -0.08686338084874058
      ],
      [
        0.08714814703603432,
        0.2263110809424357
      ],
      [
        -0.11917407856430286,
        -0.15625120142224652
      ]
    ],
    "p_values": [
      [
        0.43797400704368744,
        0.5827498109789445
      ],
      [
        0.1725260151228243,
        0.5232028528190994
      ],
      [
        0.12559974331165294,
        0.7259172178842213
      ],
      [
        0.8544096296234521,
        0.7515450415401788
      ],
      [
        0.7718700400536556,
        0.5940581539376141
      ],
      [
        0.40521196355748396,
        0.9204338081534479
      ],
      [
        0.8027011696243672,
        0.7213954276356828
      ],
      [
        0.16973261479673676,
        0.6092093611371765
      ],
      [
        0.6080320022943552,
        0.17801262132745083
      ],
      [
        0.4823444294670108,
        0.35574291679395476
      ]
    ],
    "category_names": [
      "store_of_value",
      "medium_of_exchange",
      "smart_contracts",
      "defi",
      "governance",
      "scalability",
      "privacy",
      "interoperability",
      "data_storage",
      "oracle"
    ],
    "factor_names": [
      "Factor 1",
      "Factor 2"
    ],
    "n_significant": 0,
    "n_total": 20
  },
  "drivers": {
    "stat_drivers": {
      "Factor 1": [
        {
          "statistic": "max_drawdown",
          "correlation": -0.5628414179929796,
          "p_value": 0.00028747091843954546,
          "significant": true
        },
        {
          "statistic": "volatility",
          "correlation": -0.5085427825679151,
          "p_value": 0.0013099452027172554,
          "significant": true
        },
        {
          "statistic": "sharpe",
          "correlation": 0.4759803736889712,
          "p_value": 0.002903950559724206,
          "significant": true
        },
        {
          "statistic": "avg_volume",
          "correlation": -0.2978643727631959,
          "p_value": 0.07336678144138237,
          "significant": false
        },
        {
          "statistic": "mean_return",
          "correlation": 0.21174009585345552,
          "p_value": 0.20836236001120642,
          "significant": false
        },
        {
          "statistic": "trend",
          "correlation": 0.20484437574235445,
          "p_value": 0.22390850600079854,
          "significant": false
        },
        {
          "statistic": "vol_volatility",
          "correlation": 0.18676060845266756,
          "p_value": 0.2683793179629506,
          "significant": false
        }
      ],
      "Factor 2": [
        {
          "statistic": "avg_volume",
          "correlation": 0.4629613421435664,
          "p_value": 0.003909299391783137,
          "significant": true
        },
        {
          "statistic": "vol_volatility",
          "correlation": 0.41493784053759997,
          "p_value": 0.01066080449516137,
          "significant": true
        },
        {
          "statistic": "max_drawdown",
          "correlation": 0.24253313121566153,
          "p_value": 0.14808396309281002,
          "significant": false
        },
        {
          "statistic": "mean_return",
          "correlation": 0.11080360937249292,
          "p_value": 0.5138375233162663,
          "significant": false
        },
        {
          "statistic": "volatility",
          "correlation": 0.10938178000056269,
          "p_value": 0.519286756591814,
          "significant": false
        },
        {
          "statistic": "trend",
          "correlation": 0.07894758721375367,
          "p_value": 0.6423159160560867,
          "significant": false
        },
        {
          "statistic": "sharpe",
          "correlation": 0.06907411650023657,
          "p_value": 0.6845763600393137,
          "significant": false
        }
      ]
    },
    "claims_drivers": {
      "Factor 1": [
        {
          "category": "smart_contracts",
          "correlation": -0.256377437326211,
          "p_value": 0.12559974331165294,
          "significant": false
        },
        {
          "category": "interoperability",
          "correlation": -0.23058911983823915,
          "p_value": 0.16973261479673676,
          "significant": false
        },
        {
          "category": "medium_of_exchange",
          "correlation": 0.2291295025256758,
          "p_value": 0.1725260151228243,
          "significant": false
        },
        {
          "category": "scalability",
          "correlation": -0.1409910366272228,
          "p_value": 0.40521196355748396,
          "significant": false
        },
        {
          "category": "store_of_value",
          "correlation": 0.13146836638907602,
          "p_value": 0.43797400704368744,
          "significant": false
        },
        {
          "category": "oracle",
          "correlation": -0.11917407856430286,
          "p_value": 0.4823444294670108,
          "significant": false
        },
        {
          "category": "data_storage",
          "correlation": 0.08714814703603432,
          "p_value": 0.6080320022943552,
          "significant": false
        },
        {
          "category": "governance",
          "correlation": 0.049328195664415646,
          "p_value": 0.7718700400536556,
          "significant": false
        },
        {
          "category": "privacy",
          "correlation": 0.042516257958891954,
          "p_value": 0.8027011696243672,
          "significant": false
        },
        {
          "category": "defi",
          "correlation": -0.031230988592920873,
          "p_value": 0.8544096296234521,
          "significant": false
        }
      ],
      "Factor 2": [
        {
          "category": "data_storage",
          "correlation": 0.2263110809424357,
          "p_value": 0.17801262132745083,
          "significant": false
        },
        {
          "category": "oracle",
          "correlation": -0.15625120142224652,