{
  "factor_loadings": {
    "AAVE": {
      "Factor_1": -0.5767108292516662,
      "Factor_2": -0.298132639922432
    },
    "ADA": {
      "Factor_1": -0.636861107455123,
      "Factor_2": 1.0256833600124506
    },
    "ALGO": {
      "Factor_1": -0.6384396174121467,
      "Factor_2": 0.29232668192890104
    },
    "API3": {
      "Factor_1": -0.6384365097524127,
      "Factor_2": -0.2805265003458782
    },
    "APT": {
      "Factor_1": -0.6346355476701233,
      "Factor_2": -0.2559788071662242
    },
    "ARB": {
      "Factor_1": -0.6040402935635025,
      "Factor_2": 0.3236530281409712
    },
    "ATOM": {
      "Factor_1": -0.6351909844373468,
      "Factor_2": -0.2764260154505152
    },
    "AVAX": {
      "Factor_1": -0.6243245583698045,
      "Factor_2": -0.2748091572339374
    },
    "AXS": {
      "Factor_1": -0.6359175507328856,
      "Factor_2": -0.28553060972386857
    },
    "BAND": {
      "Factor_1": -0.6386678398866693,
      "Factor_2": -0.28614719324170873
    },
    "BTC": {
      "Factor_1": 28.504519199831922,
      "Factor_2": -0.17736083459278046
    },
    "COMP": {
      "Factor_1": -0.6106728340718905,
      "Factor_2": -0.29872440105037473
    },
    "CRV": {
      "Factor_1": -0.6390666465077102,
      "Factor_2": 0.015601341604442749
    },
    "DOT": {
      "Factor_1": -0.6361435744467098,
      "Factor_2": -0.24305455308436508
    },
    "EGLD": {
      "Factor_1": -0.6192785559122822,
      "Factor_2": -0.29792804674310497
    },
    "ENJ": {
      "Factor_1": -0.6390497700475427,
      "Factor_2": -0.1548303738656593
    },
    "ENS": {
      "Factor_1": -0.6298345125474883,
      "Factor_2": -0.29162393496473105
    },
    "ETH": {
      "Factor_1": 0.7491395776707522,
      "Factor_2": -0.29117159389057684
    },
    "FIL": {
      "Factor_1": -0.6366502795099402,
      "Factor_2": -0.22477888506930413
    },
    "FTM": {
      "Factor_1": -0.6378477664998887,
      "Factor_2": 0.4524075763630158
    },
    "GALA": {
      "Factor_1": -0.5970000263769241,
      "Factor_2": 14.237077371834781
    },
    "GRT": {
      "Factor_1": -0.6375280855055109,
      "Factor_2": 0.5128326989128894
    },
    "HBAR": {
      "Factor_1": -0.6365730962228635,
      "Factor_2": 2.008686897914811
    },
    "ICP": {
      "Factor_1": -0.6347984234909626,
      "Factor_2": -0.27833493253786457
    },
    "IMX": {
      "Factor_1": -0.6385396870002649,
      "Factor_2": -0.24481377092804724
    },
    "LDO": {
      "Factor_1": -0.6382762298640244,
      "Factor_2": -0.1967767223609688
    },
    "LINK": {
      "Factor_1": -0.6324154975416075,
      "Factor_2": -0.258691669990347
    },
    "LIT": {
      "Factor_1": -0.6389503341805414,
      "Factor_2": -0.2700475495978382
    },
    "LPT": {
      "Factor_1": -0.6333264912249303,
      "Factor_2": -0.2940411368328644
    },
    "MANA": {
      "Factor_1": -0.6386917588609794,
      "Factor_2": -0.08233893746045388
    },
    "MKR": {
      "Factor_1": 0.2890388372777506,
      "Factor_2": -0.2959549266003305
    },
    "NEAR": {
      "Factor_1": -0.6370330201119987,
      "Factor_2": -0.1759065118146768
    },
    "OCEAN": {
      "Factor_1": -0.6389755890118295,
      "Factor_2": -0.16299325867685657
    },
    "OP": {
      "Factor_1": -0.6379981940181448,
      "Factor_2": -0.1064362276278446
    },
    "POL": {
      "Factor_1": -0.16089841038135405,
      "Factor_2": 0.08796792178509001
    },
    "RENDER": {
      "Factor_1": -0.2140763125641155,
      "Factor_2": -0.055590697873566616
    },
    "RPL": {
      "Factor_1": -0.6217173694581646,
      "Factor_2": -0.2848663280292539
    },
    "SAND": {
      "Factor_1": -0.6382235963302306,
      "Factor_2": 0.13792887993265499
    },
    "SC": {
      "Factor_1": -0.6162016129957754,
      "Factor_2": 7.283034455062274
    },
    "SNX": {
      "Factor_1": -0.6381306912801549,
      "Factor_2": -0.2705490066689546
    },
    "SOL": {
      "Factor_1": -0.5766262073214737,
      "Factor_2": -0.2593113464191734
    },
    "STORJ": {
      "Factor_1": -0.6389994345939314,
      "Factor_2": -0.17756539501715887
    },
    "SUI": {
      "Factor_1": -0.5824889662373208,
      "Factor_2": 0.14760360512483195
    },
    "SUSHI": {
      "Factor_1": -0.6387840282137894,
      "Factor_2": -0.22407333895088022
    },
    "TRB": {
      "Factor_1": -0.6032701856937501,
      "Factor_2": -0.2978080317876304
    },
    "UNI": {
      "Factor_1": -0.6352263773844704,
      "Factor_2": -0.2710817662274105
    },
    "XMR": {
      "Factor_1": -0.5724865715765625,
      "Factor_2": -0.299193418757687
    },
    "YFI": {
      "Factor_1": 2.966975176002185,
      "Factor_2": -0.28851111145470687
    },
    "ZEC": {
      "Factor_1": -0.6223086632348616,
      "Factor_2": -0.29864273911701267
    }
  },
  "top_10_factor1": [
    "BTC",
    "YFI",
    "ETH",
    "MKR",
    "POL",
    "RENDER",
    "XMR",
    "SOL",
    "AAVE",
    "SUI"
  ],
  "bottom_10_factor1": [
    "ALGO",
    "IMX",
    "BAND",
    "MANA",
    "SUSHI",
    "LIT",
    "OCEAN",
    "STORJ",
    "ENJ",
    "CRV"
  ],
  "outliers": [
    "BTC",
    "GALA",
    "SC"
  ],
  "factor1_stats": {
    "mean": 0.10608896228634583,
    "std": 4.179226406661707
  },
  "factor2_stats": {
    "mean": 0.3570255397457167,
    "std": 2.316795817421587
  }
}