{
  "timestamp_index": 8771,
  "timestamp": "2023-01-01 00:00:00+00:00",
  "assets": [
    "AAVE",
    "ADA",
    "ALGO",
    "API3",
    "APT",
    "ARB",
    "ATOM",
    "AVAX",
    "AXS",
    "BAND",
    "BTC",
    "COMP",
    "CRV",
    "DOT",
    "EGLD",
    "ENJ",
    "ENS",
    "ETH",
    "FIL",
    "FTM",
    "GALA",
    "GRT",
    "HBAR",
    "ICP",
    "IMX",
    "LDO",
    "LINK",
    "LIT",
    "LPT",
    "MANA",
    "MKR",
    "NEAR",
    "OCEAN",
    "OP",
    "POL",
    "RENDER",
    "RPL",
    "SAND",
    "SC",
    "SNX",
    "SOL",
    "STORJ",
    "SUI",
    "SUSHI",
    "TRB",
    "UNI",
    "XMR",
    "YFI",
    "ZEC"
  ],
  "features": [
    "open",
    "high",
    "low",
    "close",
    "volume"
  ],
  "shape": [
    49,
    5
  ],
  "data": [
    [
      -0.17650097182810146,
      -0.17664890405113798,
      -0.17646550692379726,
      -0.17662253170335404,
      -0.4470641715931585
    ],
    [
      -0.19450319030330548,
      -0.1947585353050922,
      -0.1944416631104815,
      -0.19473374856293457,
      1.539363973661955
    ],
    [
      -0.19456514624841625,
      -0.19482050970487813,
      -0.19450351856725692,
      -0.1947956171305338,
      -0.1006374215689283
    ],
    [
      -0.194293305745654,
      -0.1945498266798453,
      -0.19423411789343126,
      -0.19452610658281783,
      -0.3888892776102239
    ],
    [
      -0.19305194550082427,
      -0.1933020471394625,
      -0.19299187872136409,
      -0.1932788139945365,
      -0.4281192327230165
    ],
    [
      -0.19434402225736339,
      -0.19459815593919905,
      -0.19428377926969773,
      -0.19457505789721893,
      0.6518659408573092
    ],
    [
      -0.19282350851598623,
      -0.1930674682419847,
      -0.192758699711416,
      -0.1930483990116332,
      -0.4045269814203874
    ],
    [
      -0.18813468520762924,
      -0.18835989479287943,
      -0.18808430218296923,
      -0.18833810380550048,
      -0.41324268217920995
    ],
    [
      -0.19316052791637756,
      -0.19340663812019152,
      -0.19309960948908667,
      -0.19338058033912423,
      -0.438014229044482
    ],
    [
      -0.19427187392941553,
      -0.1945276288437355,
      -0.19421264713339526,
      -0.19450384110202001,
      -0.4063193131037559
    ],
    [
      6.789586965220681,
      6.787667553155146,
      6.789430846655877,
      6.787422295641801,
      -0.4482016014069979
    ],
    [
      -0.18503279791082364,
      -0.185284841614142,
      -0.1850062802480384,
      -0.18525531701562603,
      -0.44704791320503584
    ],
    [
      -0.19450219233323635,
      -0.1947580456469427,
      -0.19444071249667833,
      -0.19473306095249818,
      -0.2787325451842748
    ],
    [
      -0.1932537808572625,
      -0.19350750769898453,
      -0.19319450697046714,
      -0.19348339447104354,
      -0.39823180207213266
    ],
    [
      -0.18311375054840115,
      -0.18313850672558588,
      -0.18303129812259022,
      -0.18322031755741358,
      -0.43580722028983737
    ],
    [
      -0.1945407368821355,
      -0.19479632059229376,
      -0.19447934347485,
      -0.19477138704848912,
      -0.3791854050409988
    ],
    [
      -0.19301492244727642,
      -0.19326300506301058,
      -0.19295210045067143,
      -0.19323814674872639,
      -0.44335409061989944
    ],
    [
      0.1824132374731134,
      0.1817286311659614,
      0.1822699185447498,
      0.18162250566272878,
      -0.4457042818931264
    ],
    [
      -0.19339006103227513,
      -0.1936477131491191,
      -0.1933562752159292,
      -0.19364662009130404,
      0.14099434679059206
    ],
    [
      -0.19452177545082222,
      -0.1947768648418211,
      -0.19446005257060395,
      -0.19475215032794693,
      0.3273105353769717
    ],
    [
      -0.19459685388433365,
      -0.19485265249800382,
      -0.19453528545817433,
      -0.19482775309542943,
      5.598788712167786
    ],
    [
      -0.1945699724971112,
      -0.19482558582769438,
      -0.19450858304424254,
      -0.19480085606719214,
      2.2242866116868925
    ],
    [
      -0.19458783779736494,
      -0.19484363789147188,
      -0.19452628412885234,
      -0.19481875031021567,
      0.7561402338760406
    ],
    [
      -0.19232534148967964,
      -0.19258613428104543,
      -0.19234567440385333,
      -0.19263943451874385,
      -0.30018527472579676
    ],
    [
      -0.1942419021070118,
      -0.19449301001256727,
      -0.19417973622793552,
      -0.19446919863336695,
      -0.324592799317904
    ],
    [
      -0.19413853858411506,
      -0.1943900349037315,
      -0.1940764471212586,
      -0.19436599158119822,
      -0.336188183095222
    ],
    [
      -0.19209891680514488,
      -0.1923582800221538,
      -0.19204573935907573,
      -0.19234081512922016,
      -0.42056848427365057
    ],
    [
      -0.1944351483767896,
      -0.19469035856874617,
      -0.19437343198526785,
      -0.19466526583780425,
      -0.42744352542257574
    ],
    [
      -0.19329958931945163,
      -0.19355516775886727,
      -0.19324220155955474,
      -0.1935295626003449,
      -0.4448962045022519
    ],
    [
      -0.19451655655816566,
      -0.19477183768481976,
      -0.19445484058457987,
      -0.1947469441346427,
      -0.15585412280570834
    ],
    [
      0.08875620051096664,
      0.08783831319691122,
      0.08638248761759529,
      0.08643266374893593,
      -0.44844105636962733
    ],
    [
      -0.19401240171144435,
      -0.19426533529499715,
      -0.19395172003433195,
      -0.1942414031187928,
      -0.3249331013926999
    ],
    [
      -0.19451793081203134,
      -0.19477338826895976,
      -0.19445628289517775,
      -0.19474828661216137,
      -0.3800788774227086
    ],
    [
      -0.19398557104073358,
      -0.19422959025008507,
      -0.19392762689139076,
      -0.19421651816966584,
      0.3582495074653312
    ],
    [
      0.01068415783932604,
      0.010763339518245048,
      0.010272798895381583,
      0.010621352247301522,
      0.4790901743417882
    ],
    [
      0.01068415783932604,
      0.010763339518245048,
      0.010272798895381583,
      0.010621352247301522,
      0.4790901743417882
    ],
    [
      -0.18965454454240369,
      -0.18988109944393208,
      -0.18959381134275166,
      -0.1898786786165849,
      -0.4477865185841128
    ],
    [
      -0.1945051535231136,
      -0.19476078773257982,
      -0.19444369545723297,
      -0.194735876880952,
      -0.1916389380937245
    ],
    [
      -0.1946007364787075,
      -0.19485653483425172,
      -0.1945391615040071,
      -0.19483162434218637,
      1.7084072195277986
    ],
    [
      -0.19396642964760455,
      -0.19422028674524494,
      -0.1939071395249442,
      -0.1941958898565737,
      -0.43227593219296256
    ],
    [
      -0.17753329824386324,
      -0.17754008188319242,
      -0.17751773806449248,
      -0.17768177920895614,
      -0.3454054771036298
    ],
    [
      -0.19448825347259882,
      -0.19474358440959472,
      -0.1944268302571742,
      -0.19471871936339605,
      -0.37814985071623547
    ],
    [
      -0.1944735456842031,
      -0.1947294006451981,
      -0.19441247271076845,
      -0.19470480343789742,
      -0.07812225712645317
    ],
    [
      -0.1943945751674221,
      -0.19464743187097505,
      -0.1943326211513063,
      -0.19462237204391428,
      -0.33837346666411466
    ],
    [
      -0.16387092439596054,
      -0.16080846291544448,
      -0.1640813036541819,
      -0.16098921728141488,
      -0.4094261767369549
    ],
    [
      -0.19340462157918525,
      -0.19365946494470665,
      -0.1933446383917875,
      -0.19363827053600483,
      -0.4334361535827508
    ],
    [
      -0.16750942510698144,
      -0.1677958847085309,
      -0.16757890685393825,
      -0.16781948094968696,
      -0.44791266859565393
    ],
    [
      1.1348251549294803,
      1.1451734773084257,
      1.136319043270802,
      1.14682618674506,
      -0.44849643859517024
    ],
    [
      -0.19020261007216627,
