{
  "cp": {
    "rank": 2,
    "explained_variance": 0.9245111518582052,
    "alignment_phi": 0.09063419006974126,
    "factor_shape": [
      49,
      2
    ]
  },
  "tucker": {
    "ranks": [
      5,
      2,
      2
    ],
    "explained_variance": 0.9246352830967969,
    "alignment_phi": 0.0703699388847254,
    "factor_shape": [
      49,
      2
    ],
    "core_shape": [
      5,
      2,
      2
    ]
  }
}